запрос,W,"""W""",позиция_Я,url,группа
детские лагеря подмосковья 2026,4008,64,1,https://aidacamp.ru/,Запросы без группы
летний лагерь для детей 2026,932,113,1,https://aidacamp.ru/,Запросы без группы
детский летний лагерь 2026,481,55,1,https://aidacamp.ru/,Запросы без группы
it лагерь,434,19,1,https://aidacamp.ru/,Запросы без группы
лагерь it,434,19,1,https://aidacamp.ru/,Запросы без группы
лагерь детям 2026 год,421,0,1,https://aidacamp.ru/,Запросы без группы
компьютерный лагерь,383,36,1,https://aidacamp.ru/,Запросы без группы
летний лагерь в москве 2026,345,119,1,https://aidacamp.ru/,Запросы без группы
детский летний лагерь в москве,272,71,1,https://aidacamp.ru/,Запросы без группы
детские летние лагеря в подмосковье 2026,217,159,1,https://aidacamp.ru/,Запросы без группы
айти лагерь,201,8,1,https://aidacamp.ru/,Запросы без группы
летний лагерь для школьников 2026,149,0,1,https://aidacamp.ru/,Запросы без группы
летний лагерь программирование,129,21,1,https://aidacamp.ru/,Запросы без группы
лагерь по программированию,98,4,1,https://aidacamp.ru/,Запросы без группы
компьютерный летний лагерь,91,24,1,https://aidacamp.ru/,Запросы без группы
летний компьютерный лагерь,84,22,1,https://aidacamp.ru/,Запросы без группы
it лагерь для детей,41,8,1,https://aidacamp.ru/,Запросы без группы
лагерь it для детей,41,8,1,https://aidacamp.ru/,Запросы без группы
ит лагерь для детей,14,3,1,https://aidacamp.ru/,Запросы без группы
летний лагерь в подмосковье 2026,1518,513,2,https://aidacamp.ru/,Запросы без группы
лагерь программирования,388,30,2,https://aidacamp.ru/,Запросы без группы
айти лагерь для детей,47,23,2,https://aidacamp.ru/,Запросы без группы
детский лагерь майнкрафт,27,3,2,https://aidacamp.ru/minecraft-lager/,Запросы без группы
айти лагерь подмосковье,21,2,2,https://aidacamp.ru/,Запросы без группы
детский лагерь программирование подмосковье,1,0,2,https://aidacamp.ru/,Запросы без группы
лагерь программирования для детей в подмосковье,1,0,2,https://aidacamp.ru/,Запросы без группы
летний компьютерный лагерь 2026,1,1,2,https://aidacamp.ru/,Запросы без группы
лагерь по программированию 2026,0,0,2,https://aidacamp.ru/,Запросы без группы
лагерь с программированием на лето подмосковье,0,0,2,https://aidacamp.ru/,Запросы без группы
детский лагерь на лето 2026,4006,122,3,https://aidacamp.ru/,Запросы без группы
лагерь для детей на лето 2026,771,81,3,https://aidacamp.ru/,Запросы без группы
лагерь летний программирование,129,21,3,https://aidacamp.ru/,Запросы без группы
школа летняя it,77,20,3,https://aidacamp.ru/letnyaya-it-shkola/,Запросы без группы
айти лагерь москва,12,2,3,https://aidacamp.ru/,Запросы без группы
лагерь подмосковье 2026,9441,315,4,https://aidacamp.ru/,Запросы без группы
ит лагерь,255,16,4,https://aidacamp.ru/,Запросы без группы
лагерь программирования для подростков,8,3,4,https://aidacamp.ru/,Запросы без группы
летний лагерь для подростков,1288,182,5,https://aidacamp.ru/,Запросы без группы
летний лагерь для программистов,6,4,5,https://aidacamp.ru/,Запросы без группы
лагерь в москве с бассейном на лето,2,0,5,https://aidacamp.ru/lager-s-basseynom/,Запросы без группы
айти лагерь для детей москва,0,0,5,https://aidacamp.ru/,Запросы без группы
детский лагерь подмосковье лето 2026,3356,127,6,https://aidacamp.ru/,Запросы без группы
компьютерный лагерь москва,6,2,7,https://aidacamp.ru/kompyuternyy-lager/,Запросы без группы
лагерь с программированием на лето,1,0,7,https://aidacamp.ru/,Запросы без группы
компьютерный лагерь для детей в подмосковье,1,1,9,https://aidacamp.ru/,Запросы без группы
летний лагерь 2026 для подростков,227,37,10,https://aidacamp.ru/,Запросы без группы
летний лагерь 2026 цена,104,1,10,https://aidacamp.ru/,Запросы без группы
летний лагерь 2026 для детей на лето,7,0,10,https://aidacamp.ru/,Запросы без группы
it лагерь для школьников москва,0,0,10,https://aidacamp.ru/,Запросы без группы
лагерь 2026,34853,99,11,https://aidacamp.ru/,Запросы без группы
детский летний лагерь,7640,320,11,https://aidacamp.ru/,Запросы без группы
летний лагерь подмосковье,3659,75,12,https://aidacamp.ru/,Запросы без группы
лагерь для детей 2026 летний цена,30,0,12,https://aidacamp.ru/,Запросы без группы
лагерь для детей на лето 2026 год,25,0,12,https://aidacamp.ru/,Запросы без группы
лагерь для лето летний 2026,9,0,12,https://aidacamp.ru/,Запросы без группы
лагерь для детей,26882,476,13,https://aidacamp.ru/,Запросы без группы
летний лагерь в подмосковье,3301,446,13,https://aidacamp.ru/,Запросы без группы
лагерь в подмосковье на лето 2026 цены,736,1,13,https://aidacamp.ru/,Запросы без группы
лагерь московская область летний 2026,190,118,13,https://aidacamp.ru/,Запросы без группы
куда деть ребенка летом,71,8,13,https://aidacamp.ru/stati/kuda-det-rebenka-letom/,Запросы без группы
детский лагерь летний 2026 год,68,0,13,https://aidacamp.ru/,Запросы без группы
компьютерный лагерь для детей,23,7,13,https://aidacamp.ru/,Запросы без группы
лагерь недорого 2026,916,1,14,https://aidacamp.ru/,Запросы без группы
летний лагерь в подмосковье 2026 недорого,114,86,14,https://aidacamp.ru/,Запросы без группы
лагерь для детей на лето 2026 цена,16,0,14,https://aidacamp.ru/,Запросы без группы
детский летний лагерь подмосковье лето 2026,0,0,14,https://aidacamp.ru/,Запросы без группы
лагерь в подмосковье на лето 2026,5790,746,15,https://aidacamp.ru/,Запросы без группы
лагеря на лето 2026 цены,874,0,15,https://aidacamp.ru/,Запросы без группы
детские лагеря на лето 2026 цены,799,9,15,https://aidacamp.ru/,Запросы без группы
лагерь на лето 2026 недорого,742,173,15,https://aidacamp.ru/,Запросы без группы
смены в лагере 2026 летние,98,7,15,https://aidacamp.ru/,Запросы без группы
летний отдых детей в лагере 2026,7,0,15,https://aidacamp.ru/,Запросы без группы
детский летний лагерь 2026 на лето,7,0,15,https://aidacamp.ru/,Запросы без группы
летние лагеря 2026 недорого на лето,2,0,15,https://aidacamp.ru/,Запросы без группы
летние лагеря 2026 для детей и подростков,0,0,15,https://aidacamp.ru/,Запросы без группы
лагерь в подмосковье,30907,1936,16,https://aidacamp.ru/,Запросы без группы
детский лагерь подмосковье на лето 2026 цены,728,0,16,https://aidacamp.ru/,Запросы без группы
летний лагерь для детей в подмосковье 2026,443,305,16,https://aidacamp.ru/,Запросы без группы
летний лагерь 2026 недорого,131,3,16,https://aidacamp.ru/,Запросы без группы
летний лагерь для детей 2026 год,119,0,16,https://aidacamp.ru/,Запросы без группы
лагерь программирования для детей,42,19,16,https://aidacamp.ru/,Запросы без группы
детский лагерь 2026 цены,1028,0,17,https://aidacamp.ru/,Запросы без группы
лагерь для детей 7 лет,505,28,17,https://aidacamp.ru/,Запросы без группы
школьный лагерь на летние каникулы 2026,128,1,17,https://aidacamp.ru/,Запросы без группы
летний лагерь для детей в подмосковье недорого,25,17,17,https://aidacamp.ru/,Запросы без группы
лагерь на летние каникулы 2026,172,0,18,https://aidacamp.ru/,Запросы без группы
лагерь для школьников на летние каникулы 2026,27,13,18,https://aidacamp.ru/,Запросы без группы
лагерь для детей на лето 2026 недорого,12,3,18,https://aidacamp.ru/,Запросы без группы
летний лагерь программирование для детей,11,0,18,https://aidacamp.ru/,Запросы без группы
летний лагерь для детей,5485,325,19,https://aidacamp.ru/,Запросы без группы
сколько стоит лагерь,4698,30,19,https://aidacamp.ru/ceny/,Запросы без группы
детские летние лагеря 2026 цены,18,0,19,https://aidacamp.ru/,Запросы без группы
детский лагерь в майнкрафт,17,0,19,https://aidacamp.ru/minecraft-lager/,Запросы без группы
летний лагерь для подростков в подмосковье недорого,6,1,19,https://aidacamp.ru/,Запросы без группы
детский летний лагерь в подмосковье,505,198,20,https://aidacamp.ru/,Запросы без группы
летний лагерь в москве 2026 недорого,1,0,20,https://aidacamp.ru/,Запросы без группы
лагерь для подростков,7555,254,21,https://aidacamp.ru/,Запросы без группы
отдых детей в лагерях 2026,31,0,21,https://aidacamp.ru/,Запросы без группы
признаки зависимости от компьютерных игр у ребенка,0,0,21,https://aidacamp.ru/stati/zavisimost-ot-kompyuternyh-igr/,Запросы без группы
москва лагерь для детей 2026,146,1,22,https://aidacamp.ru/,Запросы без группы
летний лагерь для подростков 15 лет,12,1,22,https://aidacamp.ru/,Запросы без группы
летний лагерь цена,3320,6,23,https://aidacamp.ru/,Запросы без группы
лагерь для детей 2026,2876,18,23,https://aidacamp.ru/,Запросы без группы
налоговый вычет за лагерь ребенка,82,17,23,https://aidacamp.ru/nalogovyj-vychet/,Запросы без группы
лагерь детский летний недорогие,37,10,23,https://aidacamp.ru/,Запросы без группы
куда деть ребенка летом работающим родителям,22,16,23,https://aidacamp.ru/stati/kuda-det-rebenka-letom/,Запросы без группы
детский летний лагерь 7 лет,9,1,23,https://aidacamp.ru/,Запросы без группы
летний лагерь 2026 цена путевки,5,0,23,https://aidacamp.ru/,Запросы без группы
летний лагерь москва подмосковье,93,1,24,https://aidacamp.ru/,Запросы без группы
летний лагерь в москве 2026 для подростков,9,6,24,https://aidacamp.ru/,Запросы без группы
лагеря в москве и подмосковье недорого,9,1,24,https://aidacamp.ru/,Запросы без группы
летний лагерь в подмосковье для детей,772,131,25,https://aidacamp.ru/,Запросы без группы
детский лагерь 2026 москва,395,5,25,https://aidacamp.ru/,Запросы без группы
летние школьные лагеря 2026,258,18,25,https://aidacamp.ru/,Запросы без группы
лагерь в москве недорого на лето,124,9,25,https://aidacamp.ru/,Запросы без группы
летний лагерь зеленоград 2026,36,4,25,https://aidacamp.ru/,Запросы без группы
летний лагерь искать,17,0,25,https://aidacamp.ru/,Запросы без группы
купить путевку в летний лагерь 2026,16,10,25,https://aidacamp.ru/,Запросы без группы
летний лагерь в подмосковье недорого,166,14,26,https://aidacamp.ru/,Запросы без группы
путевки в летний лагерь 2026,91,9,26,https://aidacamp.ru/,Запросы без группы
отправить ребенка в лагерь 2026,77,0,26,https://aidacamp.ru/,Запросы без группы
запись в летний лагерь 2026,48,7,26,https://aidacamp.ru/,Запросы без группы
как записать ребенка в лагерь 2026,23,0,26,https://aidacamp.ru/,Запросы без группы
летний лагерь для мальчиков 14 лет,15,0,26,https://aidacamp.ru/,Запросы без группы
путевки в лагерь на лето 2026,685,14,28,https://aidacamp.ru/,Запросы без группы
как записать ребенка в летний лагерь 2026,21,0,28,https://aidacamp.ru/,Запросы без группы
путевки в летний лагерь для детей 2026,36,16,29,https://aidacamp.ru/,Запросы без группы
летние лагеря в москве для школьников 2026,12,2,29,https://aidacamp.ru/,Запросы без группы
детский лагерь подмосковье,11664,541,30,https://aidacamp.ru/,Запросы без группы
лагерь в москве на лето 2026,1087,227,30,https://aidacamp.ru/,Запросы без группы
летний лагерь для подростков 14 лет,29,4,30,https://aidacamp.ru/,Запросы без группы
как отучить от компьютерной зависимости подростка,0,0,30,https://aidacamp.ru/stati/zavisimost-ot-kompyuternyh-igr/,Запросы без группы
путевка в лагерь цена 2026,632,3,31,https://aidacamp.ru/,Запросы без группы
детский летний лагерь путевки,56,2,31,https://aidacamp.ru/,Запросы без группы
летний лагерь 5 класс,29,0,31,https://aidacamp.ru/,Запросы без группы
летний лагерь в зеленограде для детей 2026,1,0,31,https://aidacamp.ru/,Запросы без группы
детский лагерь на лето,5055,135,33,https://aidacamp.ru/,Запросы без группы
путевка в детский лагерь 2026,1031,39,33,https://aidacamp.ru/,Запросы без группы
лагерь смена москва,182,0,33,https://aidacamp.ru/,Запросы без группы
тематический летний лагерь,123,12,33,https://aidacamp.ru/,Запросы без группы
бюджетные летние лагеря для детей,12,3,33,https://aidacamp.ru/,Запросы без группы
лагеря рядом с москвой,111,27,34,https://aidacamp.ru/,Запросы без группы
лагерь в москве 14 лет,42,0,34,https://aidacamp.ru/,Запросы без группы
детский лагерь в подмосковье на лето,3388,160,35,https://aidacamp.ru/,Запросы без группы
как избавиться от зависимости компьютерных игр,9,0,35,https://aidacamp.ru/stati/zavisimost-ot-kompyuternyh-igr/,Запросы без группы
лето лагерь,24441,66,36,https://aidacamp.ru/,Запросы без группы
лагерь в подмосковье недорого,824,81,36,https://aidacamp.ru/,Запросы без группы
путевки детям в лагерь 2026,222,0,36,https://aidacamp.ru/,Запросы без группы
детские летние лагеря в москве 2026,43,11,36,https://aidacamp.ru/,Запросы без группы
кампус летний лагерь,35,3,36,https://aidacamp.ru/,Запросы без группы
тематический летний лагерь для школьников,0,0,36,https://aidacamp.ru/,Запросы без группы
лагерь для детей в подмосковье,2785,288,37,https://aidacamp.ru/,Запросы без группы
детские лагеря в москве на лето 2026,180,129,37,https://aidacamp.ru/,Запросы без группы
школьный лагерь 2026 москва,28,0,37,https://aidacamp.ru/,Запросы без группы
летние лагеря закрытого типа подростки,0,0,37,https://aidacamp.ru/,Запросы без группы
детский лагерь в подмосковье,9652,2035,38,https://aidacamp.ru/,Запросы без группы
лагерь недорого,2346,36,38,https://aidacamp.ru/,Запросы без группы
отправить ребенка в лагерь,983,19,38,https://aidacamp.ru/,Запросы без группы
летний школьный лагерь 2026 москва,10,0,38,https://aidacamp.ru/,Запросы без группы
летний лагерь для детей 5 лет,34,8,39,https://aidacamp.ru/,Запросы без группы
организаторы летних лагерей,15,0,39,https://aidacamp.ru/,Запросы без группы
тематический лагерь для детей,75,6,40,https://aidacamp.ru/,Запросы без группы
лагерь с выездом из москвы,21,0,40,https://aidacamp.ru/,Запросы без группы
летний лагерь в митино 2026,0,0,40,https://aidacamp.ru/,Запросы без группы
лагерь в москве на лето,1554,76,41,https://aidacamp.ru/,Запросы без группы
летний лагерь московская область,675,45,41,https://aidacamp.ru/,Запросы без группы
летний лагерь движение,125,0,42,https://aidacamp.ru/,Запросы без группы
мшп летний лагерь,58,49,43,https://aidacamp.ru/,Запросы без группы
летний лагерь для детей 3 года,24,6,43,https://aidacamp.ru/,Запросы без группы
летний лагерь тор,5,1,43,https://aidacamp.ru/,Запросы без группы
летний лагерь на базе школы 2026,3,0,43,https://aidacamp.ru/,Запросы без группы
лагерь в подмосковье на лето,6916,299,44,https://aidacamp.ru/,Запросы без группы
лагерь отдыха для детей,274,8,45,https://aidacamp.ru/,Запросы без группы
летний лагерь 17 лет,113,5,45,https://aidacamp.ru/,Запросы без группы
летние смены в лагерях москвы,21,0,45,https://aidacamp.ru/,Запросы без группы
выбрать летний лагерь для ребенка,17,0,45,https://aidacamp.ru/,Запросы без группы
детский лагерь 17 лет ребенку,11,0,45,https://aidacamp.ru/,Запросы без группы
летний лагерь,70035,1610,46,https://aidacamp.ru/,Запросы без группы
лагерь для детей на лето,1366,55,46,https://aidacamp.ru/,Запросы без группы
купить путевку в лагерь,1540,43,47,https://aidacamp.ru/,Запросы без группы
летние лагеря в москве для школьников,132,41,47,https://aidacamp.ru/,Запросы без группы
летний лагерь 007,16,0,47,https://aidacamp.ru/,Запросы без группы
кпоп лагерь москва,1,0,47,https://aidacamp.ru/,Запросы без группы
летний лагерь на 3 дня,39,0,48,https://aidacamp.ru/,Запросы без группы
как убрать компьютерную зависимость,4,1,48,https://aidacamp.ru/stati/kak-izbavitsya-ot-zavisimosti-ot-igr/,Запросы без группы
лучший научный летний лагерь,1,0,48,https://aidacamp.ru/,Запросы без группы
путевка в лагерь,10481,137,49,https://aidacamp.ru/,Запросы без группы
летний лагерь в зеленограде для детей,8,7,49,https://aidacamp.ru/,Запросы без группы
путевка в детский лагерь,2795,39,50,https://aidacamp.ru/,Запросы без группы
детский лагерь купить путевку,729,13,50,https://aidacamp.ru/,Запросы без группы
путевка в лагерь для ребенка,659,11,50,https://aidacamp.ru/,Запросы без группы
школьный лагерь москва,183,8,50,https://aidacamp.ru/,Запросы без группы
летний лагерь коптево,12,3,50,https://aidacamp.ru/,Запросы без группы
как побороть зависимость от компьютерных игр,0,0,50,https://aidacamp.ru/stati/kak-izbavitsya-ot-zavisimosti-ot-igr/,Запросы без группы
детский лагерь цены,4199,21,51,https://aidacamp.ru/,Запросы без группы
лагерь на летние каникулы,525,5,51,https://aidacamp.ru/,Запросы без группы
летний лагерь в москве для подростков,184,79,51,https://aidacamp.ru/,Запросы без группы
летний школьный лагерь москва,55,2,51,https://aidacamp.ru/,Запросы без группы
детский лагерь московская область,3009,205,52,https://aidacamp.ru/,Запросы без группы
подмосковный лагерь для детей,131,54,53,https://aidacamp.ru/,Запросы без группы
лучшие детские летние лагеря,31,3,53,https://aidacamp.ru/,Запросы без группы
лагерь для детей на каникулы,75,5,54,https://aidacamp.ru/,Запросы без группы
открыла летний лагерь,72,0,54,https://aidacamp.ru/,Запросы без группы
лагерь в москве,13634,456,55,https://aidacamp.ru/,Запросы без группы
летний лагерь в москве,3167,372,55,https://aidacamp.ru/,Запросы без группы
запись в лагерь москва,50,1,57,https://aidacamp.ru/,Запросы без группы
летние инженерные лагеря,46,11,57,https://aidacamp.ru/,Запросы без группы
инженерный лагерь для детей москва,2,0,57,https://aidacamp.ru/,Запросы без группы
школьный лагерь,5092,110,58,https://aidacamp.ru/,Запросы без группы
летний школьный лагерь,996,39,60,https://aidacamp.ru/,Запросы без группы
лагерь для детей московская область,340,15,60,https://aidacamp.ru/,Запросы без группы
детский летний оздоровительный лагерь,92,13,60,https://aidacamp.ru/,Запросы без группы
летний оздоровительный лагерь,568,7,63,https://aidacamp.ru/,Запросы без группы
лучшие летние лагеря,418,14,63,https://aidacamp.ru/,Запросы без группы
детский лагерь,107866,2574,64,https://aidacamp.ru/,Запросы без группы
как избавиться от компьютерной зависимости,23,4,64,https://aidacamp.ru/stati/kak-izbavitsya-ot-zavisimosti-ot-igr/,Запросы без группы
первый раз в летнем лагере,86,2,65,https://aidacamp.ru/,Запросы без группы
компьютерная зависимость у подростков что делать,3,2,65,https://aidacamp.ru/stati/kak-izbavitsya-ot-zavisimosti-ot-igr/,Запросы без группы
лагерь робототехники в москве,2,0,65,https://aidacamp.ru/,Запросы без группы
посоветуйте летний лагерь для подростка,0,0,66,https://aidacamp.ru/,Запросы без группы
лагерь для детей москва,1934,13,67,https://aidacamp.ru/,Запросы без группы
лагерь для детей 6 лет,295,37,67,https://aidacamp.ru/,Запросы без группы
лагерь московская область,11287,248,68,https://aidacamp.ru/,Запросы без группы
покажи летние лагеря,49,2,68,https://aidacamp.ru/,Запросы без группы
летний лагерь в чехове,20,6,68,https://aidacamp.ru/lager-chehov/,Запросы без группы
летний детский лагерь реклама,6,3,71,https://aidacamp.ru/,Запросы без группы
интересные лагеря для детей в москве,0,0,71,https://aidacamp.ru/,Запросы без группы
детский лагерь москва,3322,158,73,https://aidacamp.ru/,Запросы без группы
летний лагерь для детей в москве,500,167,76,https://aidacamp.ru/,Запросы без группы
как лечить компьютерную зависимость у подростка,0,0,76,https://aidacamp.ru/stati/kak-izbavitsya-ot-zavisimosti-ot-igr/,Запросы без группы
детские московские лагеря,3371,50,78,https://aidacamp.ru/,Запросы без группы
лечение компьютерной зависимости у подростков,29,15,81,https://aidacamp.ru/stati/kak-izbavitsya-ot-zavisimosti-ot-igr/,Запросы без группы
детский летний лагерь в лесу,7,0,81,https://aidacamp.ru/,Запросы без группы
летний лагерь в новопеределкино 2026,1,0,81,https://aidacamp.ru/,Запросы без группы
летний лагерь в кожухово,0,0,81,https://aidacamp.ru/,Запросы без группы
летний лагерь для детей рас,57,0,83,https://aidacamp.ru/,Запросы без группы
лагеря москва и московская область,194,17,85,https://aidacamp.ru/,Запросы без группы
летний лагерь при школе 2026 москва,5,0,86,https://aidacamp.ru/,Запросы без группы
летний лагерь в городе москва,24,0,87,https://aidacamp.ru/,Запросы без группы
лучшие лагеря москвы и подмосковья,20,5,87,https://aidacamp.ru/,Запросы без группы
летний лагерь топ 10,17,0,87,https://aidacamp.ru/,Запросы без группы
самый лучший лагерь в москве,36,11,89,https://aidacamp.ru/,Запросы без группы
лагерь мечта в майнкрафте,0,0,91,https://aidacamp.ru/minecraft-lager/,Запросы без группы
летний лагерь дмитровский район,21,3,92,https://aidacamp.ru/,Запросы без группы
какой летний лагерь лучше,7,0,95,https://aidacamp.ru/,Запросы без группы
как бороться с компьютерной зависимостью,9,2,97,https://aidacamp.ru/stati/zavisimost-ot-kompyuternyh-igr/,Запросы без группы
пионерский лагерь,20720,210,100,,Запросы без группы
детский отдых,6140,26,100,,Запросы без группы
лагерь каникулы,3246,2,100,,Запросы без группы
детский лагерь отзывы,2289,4,100,,Запросы без группы
рейтинг лагерей,1408,17,100,,Запросы без группы
лучшие лагеря москвы,308,12,100,,Запросы без группы
летний лагерь долгопрудный,245,45,100,,Запросы без группы
чем занять ребенка летом,164,36,100,,Запросы без группы
летние оздоровительные лагеря 2026,94,5,100,,Запросы без группы
рейтинг лагерей подмосковья для детей,85,39,100,,Запросы без группы
летний лагерь чертаново,67,8,100,,Запросы без группы
лагерь в царицыно летний,57,25,100,,Запросы без группы
правила поведения в летнем лагере,40,0,100,,Запросы без группы
летний лагерь в сао,38,2,100,,Запросы без группы
что делают в летнем лагере,37,3,100,,Запросы без группы
смены в лагерях 2026 летние даты,32,25,100,,Запросы без группы
летние каникулы в городском лагере,31,0,100,,Запросы без группы
летний лагерь хорошево,26,1,100,,Запросы без группы
летний лагерь кунцево,23,6,100,,Запросы без группы
чем занять детей в лагере,23,2,100,,Запросы без группы
лагерь на майские праздники для детей,22,10,100,,Запросы без группы
летний лагерь раменский район,16,0,100,,Запросы без группы
игровая зависимость от компьютерных игр лечение,15,1,100,,Запросы без группы
лагерь летний малаховка,15,0,100,,Запросы без группы
летний лагерь на поклонной горе,15,6,100,,Запросы без группы
чем занять ребенка летом в москве,15,11,100,,Запросы без группы
летний лагерь в сзао москвы,14,2,100,,Запросы без группы
летний лагерь щербинка,13,0,100,,Запросы без группы
как лечить зависимость от компьютерных игр,12,9,100,,Запросы без группы
лагерь выходного дня москва,12,3,100,,Запросы без группы
летний лагерь тропарево,12,0,100,,Запросы без группы
летний лагерь в коломенском,11,6,100,,Запросы без группы
летний лагерь в вао москва,8,0,100,,Запросы без группы
летний лагерь метро коломенская,8,1,100,,Запросы без группы
летний лагерь преображенская площадь,8,0,100,,Запросы без группы
летний лагерь таганский парк,8,3,100,,Запросы без группы
детский лагерь митино москва,7,6,100,,Запросы без группы
летний лагерь 2026 на 21 день,7,0,100,,Запросы без группы
летний лагерь текстильщики,7,2,100,,Запросы без группы
летний лагерь в царицыно 2026,6,4,100,,Запросы без группы
летний лагерь северное тушино,6,1,100,,Запросы без группы
летний лагерь солнцево парк,6,0,100,,Запросы без группы
детский летний лагерь ховрино,5,0,100,,Запросы без группы
период отдыха ребенка в летнем лагере,5,0,100,,Запросы без группы
летний лагерь бескудниково,4,2,100,,Запросы без группы
летний лагерь на бауманской,4,1,100,,Запросы без группы
летний лагерь теплый стан,4,0,100,,Запросы без группы
летний лагерь измайлово 2026,3,0,100,,Запросы без группы
лечение компьютерной зависимости у подростков в москве,3,2,100,,Запросы без группы
чем занять ребенка летом 12 лет,3,0,100,,Запросы без группы
чем занять ребенка летом 7 лет,3,1,100,,Запросы без группы
квест летний лагерь отзывы,2,0,100,,Запросы без группы
летний лагерь в измайлово москва,2,0,100,,Запросы без группы
летний лагерь для детей в москве зао,2,0,100,,Запросы без группы
летний лагерь октябрьское поле,2,0,100,,Запросы без группы
летний лагерь в люблино,1,0,100,,Запросы без группы
летний лагерь в сокольниках 2026,1,0,100,,Запросы без группы
как вылечить зависимость от компьютерных игр,0,0,100,,Запросы без группы
летний лагерь в ясенево 2026,0,0,100,,Запросы без группы
летний лагерь строгино 2026,0,0,100,,Запросы без группы
как побороть компьютерную зависимость,0,0,100,https://aidacamp.ru/stati/kak-izbavitsya-ot-zavisimosti-ot-igr/,Запросы без группы
летний лагерь эксперимент,173,4,101,https://aidacamp.ru/,Запросы без группы
