запрос,позиция,url,дата_снимка
it лагерь,1,https://aidacamp.ru/,2026-04-19
it лагерь для детей,1,https://aidacamp.ru/,2026-04-19
айти лагерь,1,https://aidacamp.ru/,2026-04-19
айти лагерь для детей,1,https://aidacamp.ru/,2026-04-19
детские лагеря подмосковья 2026,1,https://aidacamp.ru/,2026-04-19
детские летние лагеря в подмосковье 2026,1,https://aidacamp.ru/,2026-04-19
детский летний лагерь,1,https://aidacamp.ru/,2026-04-19
детский летний лагерь 2026,1,https://aidacamp.ru/,2026-04-19
детский летний лагерь в москве,1,https://aidacamp.ru/,2026-04-19
детский летний лагерь в подмосковье,1,https://aidacamp.ru/,2026-04-19
ит лагерь,1,https://aidacamp.ru/,2026-04-19
ит лагерь для детей,1,https://aidacamp.ru/,2026-04-19
компьютерный лагерь,1,https://aidacamp.ru/,2026-04-19
компьютерный лагерь москва,1,https://aidacamp.ru/,2026-04-19
компьютерный летний лагерь,1,https://aidacamp.ru/,2026-04-19
лагерь it,1,https://aidacamp.ru/,2026-04-19
лагерь it для детей,1,https://aidacamp.ru/,2026-04-19
лагерь детям 2026 год,1,https://aidacamp.ru/,2026-04-19
лагерь для детей на лето 2026,1,https://aidacamp.ru/,2026-04-19
лагерь для подростков,1,https://aidacamp.ru/,2026-04-19
лагерь летний программирование,1,https://aidacamp.ru/,2026-04-19
лагерь подмосковье 2026,1,https://aidacamp.ru/,2026-04-19
лагерь по программированию,1,https://aidacamp.ru/,2026-04-19
лагерь программирования,1,https://aidacamp.ru/,2026-04-19
летний компьютерный лагерь,1,https://aidacamp.ru/,2026-04-19
летний лагерь в москве 2026,1,https://aidacamp.ru/,2026-04-19
летний лагерь для детей 2026,1,https://aidacamp.ru/,2026-04-19
летний лагерь для школьников 2026,1,https://aidacamp.ru/,2026-04-19
летний лагерь программирование,1,https://aidacamp.ru/,2026-04-19
айти лагерь москва,2,https://aidacamp.ru/,2026-04-19
айти лагерь подмосковье,2,https://aidacamp.ru/,2026-04-19
детский лагерь майнкрафт,2,https://aidacamp.ru/minecraft-lager/,2026-04-19
детский лагерь подмосковье лето 2026,2,https://aidacamp.ru/,2026-04-19
детский лагерь программирование подмосковье,2,https://aidacamp.ru/,2026-04-19
лагерь в подмосковье на лето 2026,2,https://aidacamp.ru/,2026-04-19
лагерь для детей,2,https://aidacamp.ru/,2026-04-19
лагерь программирования для детей в подмосковье,2,https://aidacamp.ru/,2026-04-19
летний компьютерный лагерь 2026,2,https://aidacamp.ru/,2026-04-19
летний лагерь в подмосковье 2026,2,https://aidacamp.ru/,2026-04-19
летний лагерь для детей,2,https://aidacamp.ru/,2026-04-19
летний лагерь для подростков,2,https://aidacamp.ru/,2026-04-19
лагерь программирования для подростков,3,https://aidacamp.ru/,2026-04-19
лагерь с программированием на лето,3,https://aidacamp.ru/,2026-04-19
летний лагерь в подмосковье,3,https://aidacamp.ru/,2026-04-19
летний лагерь подмосковье,3,https://aidacamp.ru/,2026-04-19
школа летняя it,3,https://aidacamp.ru/letnyaya-it-shkola/,2026-04-19
лагерь в подмосковье,5,https://aidacamp.ru/,2026-04-19
компьютерный лагерь для детей в подмосковье,6,https://aidacamp.ru/,2026-04-19
летний лагерь программирование для детей,6,https://aidacamp.ru/letnyaya-it-shkola/,2026-04-19
лагерь программирования для детей,7,https://aidacamp.ru/,2026-04-19
летний лагерь для подростков 14 лет,7,https://aidacamp.ru/,2026-04-19
лагерь для лето летний 2026,8,https://aidacamp.ru/,2026-04-19
летний лагерь москва подмосковье,9,https://aidacamp.ru/,2026-04-19
компьютерный лагерь для детей,10,https://aidacamp.ru/kompyuternyy-lager/,2026-04-19
детский лагерь на лето 2026,11,https://aidacamp.ru/,2026-04-19
летний лагерь в москве 2026 для подростков,11,https://aidacamp.ru/,2026-04-19
летний лагерь 2026 для подростков,12,https://aidacamp.ru/,2026-04-19
детские летние лагеря в москве 2026,13,https://aidacamp.ru/,2026-04-19
детский лагерь летний 2026 год,13,https://aidacamp.ru/,2026-04-19
детский летний лагерь 7 лет,13,https://aidacamp.ru/,2026-04-19
летний лагерь для детей 2026 год,13,https://aidacamp.ru/,2026-04-19
летний лагерь для программистов,13,https://aidacamp.ru/,2026-04-19
лагерь в москве 14 лет,15,https://aidacamp.ru/,2026-04-19
лагерь московская область летний 2026,15,https://aidacamp.ru/,2026-04-19
летний лагерь в москве для подростков,16,https://aidacamp.ru/,2026-04-19
летний лагерь в подмосковье 2026 недорого,16,https://aidacamp.ru/,2026-04-19
детский лагерь в подмосковье на лето,17,https://aidacamp.ru/,2026-04-19
лагерь для детей 2026,17,https://aidacamp.ru/,2026-04-19
летний лагерь в подмосковье для детей,17,https://aidacamp.ru/,2026-04-19
летние лагеря в москве для школьников 2026,19,https://aidacamp.ru/,2026-04-19
летний лагерь для детей в подмосковье 2026,20,https://aidacamp.ru/,2026-04-19
лагерь в подмосковье на лето,21,https://aidacamp.ru/,2026-04-19
летний лагерь для подростков в подмосковье недорого,25,https://aidacamp.ru/,2026-04-19
лагерь для детей в подмосковье,27,https://aidacamp.ru/,2026-04-19
детский лагерь,28,https://aidacamp.ru/,2026-04-19
летний лагерь на 3 дня,29,https://aidacamp.ru/,2026-04-19
детский лагерь в подмосковье,30,https://aidacamp.ru/,2026-04-19
лагерь для детей на лето,33,https://aidacamp.ru/,2026-04-19
детский лагерь на лето,35,https://aidacamp.ru/,2026-04-19
летний лагерь для детей 3 года,44,https://aidacamp.ru/,2026-04-19
летний лагерь,45,https://aidacamp.ru/,2026-04-19
кпоп лагерь москва,46,https://aidacamp.ru/,2026-04-19
детский лагерь подмосковье,49,https://aidacamp.ru/,2026-04-19
летние инженерные лагеря,49,https://aidacamp.ru/,2026-04-19
инженерный лагерь для детей москва,52,https://aidacamp.ru/,2026-04-19
лагерь в москве на лето 2026,59,https://aidacamp.ru/,2026-04-19
летний лагерь тор,59,https://aidacamp.ru/,2026-04-19
лагерь для детей на лето 2026 год,61,https://aidacamp.ru/,2026-04-19
летний лагерь 2026 для детей на лето,62,https://aidacamp.ru/,2026-04-19
выбрать летний лагерь для ребенка,65,https://aidacamp.ru/,2026-04-19
тематический лагерь для детей,66,https://aidacamp.ru/,2026-04-19
летний лагерь 007,67,https://aidacamp.ru/,2026-04-19
летний отдых детей в лагере 2026,67,https://aidacamp.ru/,2026-04-19
путевки в летний лагерь для детей 2026,67,https://aidacamp.ru/,2026-04-19
лагерь для детей 7 лет,68,https://aidacamp.ru/,2026-04-19
бюджетные летние лагеря для детей,69,https://aidacamp.ru/,2026-04-19
детский летний лагерь 2026 на лето,70,https://aidacamp.ru/,2026-04-19
лагерь 2026,70,https://aidacamp.ru/,2026-04-19
летние лагеря в москве для школьников,70,https://aidacamp.ru/,2026-04-19
мшп летний лагерь,71,https://aidacamp.ru/,2026-04-19
летний лагерь для детей в москве,75,https://aidacamp.ru/,2026-04-19
летний лагерь для мальчиков 14 лет,75,https://aidacamp.ru/,2026-04-19
летний лагерь для детей в подмосковье недорого,77,https://aidacamp.ru/,2026-04-19
путевка в лагерь для ребенка,77,https://aidacamp.ru/,2026-04-19
летний лагерь московская область,78,https://aidacamp.ru/,2026-04-19
летний лагерь в москве,80,https://aidacamp.ru/,2026-04-19
летний лагерь для детей рас,80,https://aidacamp.ru/,2026-04-19
летний лагерь искать,80,https://aidacamp.ru/,2026-04-19
лагерь в москве,81,https://aidacamp.ru/,2026-04-19
летний лагерь для подростков 15 лет,81,https://aidacamp.ru/,2026-04-19
лагерь в подмосковье на лето 2026 цены,83,https://aidacamp.ru/,2026-04-19
лагерь для школьников на летние каникулы 2026,84,https://aidacamp.ru/,2026-04-19
москва лагерь для детей 2026,84,https://aidacamp.ru/,2026-04-19
отправить ребенка в лагерь,85,https://aidacamp.ru/,2026-04-19
летний школьный лагерь 2026 москва,86,https://aidacamp.ru/,2026-04-19
отправить ребенка в лагерь 2026,86,https://aidacamp.ru/,2026-04-19
лагерь для детей 2026 летний цена,87,https://aidacamp.ru/,2026-04-19
летний лагерь 2026 недорого,87,https://aidacamp.ru/,2026-04-19
тематический летний лагерь,87,https://aidacamp.ru/,2026-04-19
летний лагерь для детей 5 лет,88,https://aidacamp.ru/,2026-04-19
летний лагерь в подмосковье недорого,90,https://aidacamp.ru/,2026-04-19
детский лагерь подмосковье на лето 2026 цены,91,https://aidacamp.ru/,2026-04-19
детские летние лагеря 2026 цены,93,https://aidacamp.ru/,2026-04-19
лагерь для детей на лето 2026 недорого,93,https://aidacamp.ru/,2026-04-19
летний лагерь коптево,94,https://aidacamp.ru/,2026-04-19
купить путевку в лагерь,95,https://aidacamp.ru/kupit-putevku-v-lager/,2026-04-19
летний лагерь на базе школы 2026,97,https://aidacamp.ru/,2026-04-19
детский лагерь 2026 москва,98,https://aidacamp.ru/,2026-04-19
лагерь в подмосковье недорого,98,https://aidacamp.ru/,2026-04-19
подмосковный лагерь для детей,99,https://aidacamp.ru/,2026-04-19
детские лагеря в москве на лето 2026,100,,2026-04-19
детские лагеря на лето 2026 цены,100,,2026-04-19
детские московские лагеря,100,,2026-04-19
детский лагерь 17 лет ребенку,100,,2026-04-19
детский лагерь 2026 цены,100,,2026-04-19
детский лагерь в майнкрафт,100,,2026-04-19
детский лагерь купить путевку,100,,2026-04-19
детский лагерь митино москва,100,,2026-04-19
детский лагерь москва,100,,2026-04-19
детский лагерь московская область,100,,2026-04-19
детский лагерь отзывы,100,,2026-04-19
детский лагерь цены,100,,2026-04-19
детский летний лагерь в лесу,100,,2026-04-19
детский летний лагерь путевки,100,,2026-04-19
детский летний лагерь ховрино,100,,2026-04-19
детский летний оздоровительный лагерь,100,,2026-04-19
детский отдых,100,,2026-04-19
запись в лагерь москва,100,,2026-04-19
запись в летний лагерь 2026,100,,2026-04-19
игровая зависимость от компьютерных игр лечение,100,,2026-04-19
как бороться с компьютерной зависимостью,100,,2026-04-19
как записать ребенка в лагерь 2026,100,,2026-04-19
как записать ребенка в летний лагерь 2026,100,,2026-04-19
как избавиться от зависимости компьютерных игр,100,,2026-04-19
как избавиться от компьютерной зависимости,100,,2026-04-19
как лечить зависимость от компьютерных игр,100,,2026-04-19
какой летний лагерь лучше,100,,2026-04-19
как побороть компьютерную зависимость,100,,2026-04-19
как убрать компьютерную зависимость,100,,2026-04-19
кампус летний лагерь,100,,2026-04-19
квест летний лагерь отзывы,100,,2026-04-19
компьютерная зависимость у подростков что делать,100,,2026-04-19
куда деть ребенка летом,100,,2026-04-19
куда деть ребенка летом работающим родителям,100,,2026-04-19
купить путевку в летний лагерь 2026,100,,2026-04-19
лагерь в москве на лето,100,,2026-04-19
лагерь в москве недорого на лето,100,,2026-04-19
лагерь в москве с бассейном на лето,100,,2026-04-19
лагерь в царицыно летний,100,,2026-04-19
лагерь выходного дня москва,100,,2026-04-19
лагерь детский летний недорогие,100,,2026-04-19
лагерь для детей 6 лет,100,,2026-04-19
лагерь для детей москва,100,,2026-04-19
лагерь для детей московская область,100,,2026-04-19
лагерь для детей на каникулы,100,,2026-04-19
лагерь для детей на лето 2026 цена,100,,2026-04-19
лагерь каникулы,100,,2026-04-19
лагерь летний малаховка,100,,2026-04-19
лагерь мечта в майнкрафте,100,,2026-04-19
лагерь московская область,100,,2026-04-19
лагерь на летние каникулы,100,,2026-04-19
лагерь на летние каникулы 2026,100,,2026-04-19
лагерь на лето 2026 недорого,100,,2026-04-19
лагерь на майские праздники для детей,100,,2026-04-19
лагерь недорого,100,,2026-04-19
лагерь недорого 2026,100,,2026-04-19
лагерь отдыха для детей,100,,2026-04-19
лагерь робототехники в москве,100,,2026-04-19
лагерь с выездом из москвы,100,,2026-04-19
лагерь смена москва,100,,2026-04-19
лагеря в москве и подмосковье недорого,100,,2026-04-19
лагеря москва и московская область,100,,2026-04-19
лагеря на лето 2026 цены,100,,2026-04-19
лагеря рядом с москвой,100,,2026-04-19
летние каникулы в городском лагере,100,,2026-04-19
летние лагеря 2026 недорого на лето,100,,2026-04-19
летние оздоровительные лагеря 2026,100,,2026-04-19
летние смены в лагерях москвы,100,,2026-04-19
летние школьные лагеря 2026,100,,2026-04-19
летний детский лагерь реклама,100,,2026-04-19
летний лагерь 17 лет,100,,2026-04-19
летний лагерь 2026 на 21 день,100,,2026-04-19
летний лагерь 2026 цена,100,,2026-04-19
летний лагерь 2026 цена путевки,100,,2026-04-19
летний лагерь 5 класс,100,,2026-04-19
летний лагерь бескудниково,100,,2026-04-19
летний лагерь в вао москва,100,,2026-04-19
летний лагерь в городе москва,100,,2026-04-19
летний лагерь в зеленограде для детей,100,,2026-04-19
летний лагерь в зеленограде для детей 2026,100,,2026-04-19
летний лагерь в измайлово москва,100,,2026-04-19
летний лагерь в коломенском,100,,2026-04-19
летний лагерь в люблино,100,,2026-04-19
летний лагерь в москве 2026 недорого,100,,2026-04-19
летний лагерь в новопеределкино 2026,100,,2026-04-19
летний лагерь в сао,100,,2026-04-19
летний лагерь в сзао москвы,100,,2026-04-19
летний лагерь в сокольниках 2026,100,,2026-04-19
летний лагерь в царицыно 2026,100,,2026-04-19
летний лагерь в чехове,100,,2026-04-19
летний лагерь движение,100,,2026-04-19
летний лагерь для детей в москве зао,100,,2026-04-19
летний лагерь дмитровский район,100,,2026-04-19
летний лагерь долгопрудный,100,,2026-04-19
летний лагерь зеленоград 2026,100,,2026-04-19
летний лагерь измайлово 2026,100,,2026-04-19
летний лагерь кунцево,100,,2026-04-19
летний лагерь метро коломенская,100,,2026-04-19
летний лагерь на бауманской,100,,2026-04-19
летний лагерь на поклонной горе,100,,2026-04-19
летний лагерь октябрьское поле,100,,2026-04-19
летний лагерь преображенская площадь,100,,2026-04-19
летний лагерь при школе 2026 москва,100,,2026-04-19
летний лагерь раменский район,100,,2026-04-19
летний лагерь северное тушино,100,,2026-04-19
летний лагерь солнцево парк,100,,2026-04-19
летний лагерь таганский парк,100,,2026-04-19
летний лагерь текстильщики,100,,2026-04-19
летний лагерь теплый стан,100,,2026-04-19
летний лагерь топ 10,100,,2026-04-19
летний лагерь тропарево,100,,2026-04-19
летний лагерь хорошево,100,,2026-04-19
летний лагерь цена,100,,2026-04-19
летний лагерь чертаново,100,,2026-04-19
летний лагерь щербинка,100,,2026-04-19
летний лагерь эксперимент,100,,2026-04-19
летний оздоровительный лагерь,100,,2026-04-19
летний школьный лагерь,100,,2026-04-19
летний школьный лагерь москва,100,,2026-04-19
лето лагерь,100,,2026-04-19
лечение компьютерной зависимости у подростков,100,,2026-04-19
лечение компьютерной зависимости у подростков в москве,100,,2026-04-19
лучшие детские летние лагеря,100,,2026-04-19
лучшие лагеря москвы,100,,2026-04-19
лучшие лагеря москвы и подмосковья,100,,2026-04-19
лучшие летние лагеря,100,,2026-04-19
лучший научный летний лагерь,100,,2026-04-19
налоговый вычет за лагерь ребенка,100,,2026-04-19
организаторы летних лагерей,100,,2026-04-19
отдых детей в лагерях 2026,100,,2026-04-19
открыла летний лагерь,100,,2026-04-19
первый раз в летнем лагере,100,,2026-04-19
период отдыха ребенка в летнем лагере,100,,2026-04-19
пионерский лагерь,100,,2026-04-19
покажи летние лагеря,100,,2026-04-19
правила поведения в летнем лагере,100,,2026-04-19
путевка в детский лагерь,100,,2026-04-19
путевка в детский лагерь 2026,100,,2026-04-19
путевка в лагерь,100,,2026-04-19
путевка в лагерь цена 2026,100,,2026-04-19
путевки в лагерь на лето 2026,100,,2026-04-19
путевки в летний лагерь 2026,100,,2026-04-19
путевки детям в лагерь 2026,100,,2026-04-19
рейтинг лагерей,100,,2026-04-19
рейтинг лагерей подмосковья для детей,100,,2026-04-19
самый лучший лагерь в москве,100,,2026-04-19
сколько стоит лагерь,100,,2026-04-19
смены в лагере 2026 летние,100,,2026-04-19
смены в лагерях 2026 летние даты,100,,2026-04-19
чем занять детей в лагере,100,,2026-04-19
чем занять ребенка летом,100,,2026-04-19
чем занять ребенка летом 12 лет,100,,2026-04-19
чем занять ребенка летом 7 лет,100,,2026-04-19
чем занять ребенка летом в москве,100,,2026-04-19
что делают в летнем лагере,100,,2026-04-19
школьный лагерь,100,,2026-04-19
школьный лагерь 2026 москва,100,,2026-04-19
школьный лагерь москва,100,,2026-04-19
школьный лагерь на летние каникулы 2026,100,,2026-04-19
