запрос,показы,клики,позиция,ctr_%,топ_страница
детский лагерь,2929,285,10.6,9.7,/
летний лагерь,1325,206,6.4,15.5,/
лагерь для подростков,1075,319,3.8,29.7,/
детский лагерь в подмосковье,909,293,5.5,32.2,/
лагерь в подмосковье,784,193,4.6,24.6,/
летний лагерь для детей,775,257,3.3,33.2,/
лагерь для детей,720,249,4.3,34.6,/
лагерь детский,634,0,7.4,0.0,/
летний лагерь в подмосковье,584,348,2.6,59.6,/
летний лагерь для подростков,578,330,2.2,57.1,/
детский летний лагерь,572,240,3.9,42.0,/
летний лагерь в подмосковье 2026,463,350,3.7,75.6,/
детский летний лагерь в подмосковье,446,321,1.5,72.0,/
компьютерный лагерь,430,334,1.9,77.7,/
лагерь it,410,374,1.2,91.2,/
летний детский лагерь,396,0,5.5,0.0,/
лагерь подмосковье,388,1,5.4,0.3,/
лагерь в подмосковье на лето 2026,380,229,4.1,60.3,/
лагерь для детей на лето 2026,374,261,2.2,69.8,/
it лагерь,364,320,1.4,87.9,/
детский лагерь на лето 2026,362,188,2.8,51.9,/
детский лагерь подмосковье,351,0,6.4,0.0,/
детский лагерь в подмосковье на лето 2026,346,2,4.9,0.6,/
детский лагерь подмосковье лето 2026,346,311,2.5,89.9,/
школа летняя it,345,315,1.7,91.3,/letnyaya-it-shkola/
детские летние лагеря в подмосковье 2026,333,301,1.8,90.4,/
детские лагеря подмосковья 2026,332,312,1.0,94.0,/
детский летний лагерь в москве,327,308,1.4,94.2,/
лагерь в подмосковье детский,325,1,5.3,0.3,/
летний лагерь в москве 2026,320,286,1.6,89.4,/
детский летний лагерь 2026,313,294,1.1,93.9,/
летний лагерь для детей 2026,311,272,1.8,87.5,/
лагерь летний,309,0,5.8,0.0,/
лагерь подмосковье 2026,283,258,1.3,91.2,/
летний лагерь для школьников 2026,283,264,1.0,93.3,/
лагерь детский в подмосковье,235,0,5.4,0.0,/
it летняя школа,203,0,2.9,0.0,/letnyaya-it-shkola/
летний лагерь 2026 для подростков,203,194,1.1,95.6,/
лагерь без гаджетов для детей,176,0,2.4,0.0,/lager-bez-telefonov/
летняя школа it,160,0,3.0,0.0,/letnyaya-it-shkola/
подмосковье лагерь,155,15,4.8,9.7,/
детский лагерь на лето 2026 айдакемп,147,55,2.1,37.4,/
лагерь детям 2026 год,138,131,1.1,94.9,/
детский лагерь на лето 2026 айдакемп москва,132,51,1.9,38.6,/
лагерь детям 2026 год айдакемп мск,131,48,2.1,36.6,/
лагерь для детей в подмосковье,131,0,15.7,0.0,/
лагерь летний в подмосковье,119,0,3.4,0.0,/
лагерь детям 2026 год айдакемп москва,114,40,2.0,35.1,/
летняя it школа,114,0,4.8,0.0,/letnyaya-it-shkola/
детский лагерь на лето 2026 айдакемп мск,112,41,2.1,36.6,/
лагерь летний в подмосковье 2026,99,0,2.5,0.0,/
лагерь детям 2026 год айдакемп,91,41,2.2,45.1,/
летние школы it,89,0,2.9,0.0,/letnyaya-it-shkola/
лагеря в подмосковье на лето 2026,83,0,7.1,0.0,/
айти лагерь для детей,75,9,3.5,12.0,/
летние лагеря в подмосковье 2026,71,0,5.8,0.0,/
летний лагерь в москве 2026 айдакемп мск,68,26,2.5,38.2,/
лагеря в подмосковье на лето,65,2,16.1,3.1,/
летние лагеря,63,0,6.2,0.0,/
летний лагерь 2026,63,1,10.3,1.6,/
летние it школы,61,0,3.3,0.0,/letnyaya-it-shkola/
летний лагерь 2026 для подростков айдакемп москва,61,21,2.1,34.4,/
летний лагерь айдакемп,60,29,1.5,48.3,/
детские лагеря в подмосковье 2026,59,0,2.1,0.0,/
летний лагерь в москве 2026 айдакемп москва,57,20,2.3,35.1,/
лагерь программирования,56,1,2.4,1.8,/
курсы программирования летом для школьников,55,0,5.5,0.0,/
летний лагерь в москве 2026 айдакемп,55,19,2.0,34.5,/
лагеря детские в подмосковье,54,1,10.7,1.9,/
летний лагерь для детей 2026 айдакемп москва,54,19,2.0,35.2,/
летняя школа айти,53,0,6.4,0.0,/letnyaya-it-shkola/
детский летний лагерь 2026 айдакемп москва,52,20,2.0,38.5,/
летний детский лагерь в подмосковье,52,1,2.4,1.9,/
летний лагерь айдакемп москва,52,23,2.0,44.2,/
летний лагерь айдакемп мск,52,22,1.6,42.3,/
летний лагерь 2026 для подростков айдакемп,47,18,1.9,38.3,/
детские лагеря подмосковья 2026 айдакемп москва,44,14,2.1,31.8,/
детский лагерь программирование,44,4,4.7,9.1,/
детский летний лагерь 2026 айдакемп,44,15,1.9,34.1,/
летний лагерь для детей 2026 айдакемп мск,44,13,2.2,29.5,/
образовательный лагерь,44,0,5.7,0.0,/obrazovatelnyy-lager/
летний лагерь 2026 для подростков айдакемп мск,43,16,2.0,37.2,/
детский лагерь айдакемп,40,26,1.3,65.0,/
детские лагеря подмосковья 2026 айдакемп,39,13,2.1,33.3,/
лагерь детский в подмосковье на лето 2026,38,0,7.8,0.0,/
лагеря в подмосковье,38,0,5.0,0.0,/
детский образовательный лагерь,37,0,7.6,0.0,/
детские летние лагеря в подмосковье 2026 айдакемп москва,35,11,2.0,31.4,/
компьютерный лагерь для детей в подмосковье,34,2,3.6,5.9,/
лагерь в подмосковье айдакемп москва,34,21,1.7,61.8,/
лагерь для детей на лето 2026 айдакемп москва,34,14,1.7,41.2,/
детские лагеря подмосковья 2026 айдакемп мск,33,12,1.8,36.4,/
лагерь подмосковье на лето 2026,33,0,10.8,0.0,/
лагеря подмосковье,33,0,4.3,0.0,/
летний лагерь подмосковье,33,0,3.3,0.0,/
детский лагерь айдакемп мск,32,21,1.7,65.6,/
лагерь в подмосковье на лето 2026 айдакемп,31,11,1.7,35.5,/
лагеря подмосковья 2026,31,0,9.3,0.0,/
it лагерь для подростков,30,4,7.2,13.3,/
лагерь в подмосковье на лето 2026 айдакемп москва,30,10,2.2,33.3,/
лагеря для подростков,30,0,2.7,0.0,/
летняя айти школа,30,0,7.2,0.0,/letnyaya-it-shkola/
детский лагерь новая москва,29,0,17.0,0.0,/
лагерь для детей на лето 2026 айдакемп мск,29,11,2.0,37.9,/
лагерь для подростков в подмосковье,29,0,6.3,0.0,/
лагеря подмосковья,29,0,5.0,0.0,/
лагерь для детей на лето 2026 айдакемп,28,11,1.8,39.3,/
лагерь для подростков на лето,28,0,5.7,0.0,/
летний it лагерь для детей,28,5,1.9,17.9,/
лагерь в подмосковье айдакемп мск,27,16,1.6,59.3,/
летние лагеря в подмосковье,27,0,4.5,0.0,/
летний лагерь для детей в подмосковье 2026,27,0,8.0,0.0,/
детские летние лагеря в подмосковье 2026 айдакемп мск,25,10,1.7,40.0,/
лагерь в подмосковье для подростков,25,0,7.4,0.0,/
лагерь подмосковье детский,25,0,8.0,0.0,/
детский лагерь подмосковье лето 2026 айдакемп москва,24,9,1.9,37.5,/
компьютерный лагерь для детей,24,8,4.3,33.3,/
лагерь дети 17 лет it,24,1,8.3,4.2,/
лагерь для детей айдакемп,24,11,1.5,45.8,/
летние лагеря для,24,2,5.8,8.3,/
летний лагерь для детей 2026 айдакемп,24,11,1.7,45.8,/
детский лагерь айдакемп москва,23,16,1.3,69.6,/
детский лагерь подмосковье лето 2026 айдакемп мск,23,8,2.4,34.8,/
детский летний лагерь 2026 айдакемп мск,23,9,1.9,39.1,/
лагерь 2026,23,0,9.2,0.0,/
лагерь в подмосковье лето 2026,23,0,8.3,0.0,/
лагерь для подростков айдакемп москва,23,10,1.5,43.5,/
лагерь для подростков айдакемп мск,23,11,1.9,47.8,/
лагерь программирования для детей,23,3,6.2,13.0,/
летний лагерь для ребенка,23,1,6.5,4.3,/
школа программистов летний лагерь,23,0,8.2,0.0,/letnyaya-it-shkola/
детский лагерь лето 2026,22,0,9.4,0.0,/
лагерь летний для подростков 2026,22,0,2.1,0.0,/
лагеря для детей,22,6,5.1,27.3,/
образовательный лагерь для детей,22,0,6.5,0.0,/
куда деть ребенка летом работающим родителям,21,1,5.5,4.8,/stati/kuda-det-rebenka-letom/
лагерь для подростков 2026,21,0,6.0,0.0,/
летний лагерь для подростков айдакемп москва,21,10,1.6,47.6,/
летний лагерь для подростков айдакемп мск,21,8,1.8,38.1,/
летний лагерь программирование,21,4,1.5,19.0,/
айти лагерь,20,2,2.3,10.0,/
детские летние лагеря в подмосковье 2026 айдакемп,20,8,1.8,40.0,/
детский лагерь в подмосковье лето 2026,20,0,8.9,0.0,/
как объяснить ребёнку что такое нейронные сети,20,3,8.5,15.0,/stati/nejroseti-dlya-detej/
летняя школа по программированию,20,1,6.0,5.0,/letnyaya-it-shkola/
лагерь roblox для девочек подростков 2026 atmosphere,19,0,6.0,0.0,/roblox-lager/
летний it лагерь,19,6,4.4,31.6,/
летний лагерь для подростков 2026,19,0,4.7,0.0,/
детские лагеря,18,0,7.5,0.0,/
курсы программирования летом для школьников авито,18,0,4.6,0.0,/
лагерь,18,0,7.9,0.0,/
лагерь в подмосковье для подростков на лето 2026,18,0,12.1,0.0,/
айдакемп,17,9,1.5,52.9,/
лагерь в подмосковье 2026,17,0,8.1,0.0,/
лагерь для детей на лето,17,0,7.2,0.0,/
летние образовательные лагеря,17,0,7.9,0.0,/
летний лагерь на ацтивцамп ру,17,0,8.6,0.0,/
летняя школа программирования,17,0,6.0,0.0,/letnyaya-it-shkola/
детские it лагеря,16,0,2.0,0.0,/
детский летний лагерь айдакемп мск,16,7,2.2,43.8,/
лагерь в подмосковье айдакемп,16,8,1.3,50.0,/
летние школы программирования,16,0,6.6,0.0,/letnyaya-it-shkola/
летний лагерь сайт,16,1,4.7,6.2,/
детский лагерь подмосковье лето 2026 айдакемп,15,7,1.8,46.7,/
лагерь для подростков 14 лет atmosphere camp,15,0,6.2,0.0,/
летние школы по программированию,15,0,5.5,0.0,/
летний лагерь для детей программа atmosphere camp,15,0,5.8,0.0,/
летний лагерь для подростков atmosphere,15,0,4.0,0.0,/
летний лагерь для подростков айдакемп,15,6,1.7,40.0,/
летний лагерь для детей в 2026 году atmosphere camp,14,0,5.5,0.0,/
летний лагерь для подростков в подмосковье,14,1,5.8,7.1,/
ит лагерь для подростков atmosphere camp,13,0,6.8,0.0,/
лагерь на каникулах для подростков atmosphere,13,0,7.1,0.0,/
летние лагеря для школьников 2026,13,0,2.8,0.0,/
летний лагерь для детей айдакемп москва,13,9,1.2,69.2,/
летний лагерь для подростков в подмосковье atmosphere camp,13,0,8.8,0.0,/
летний лагерь обнинск,13,0,11.1,0.0,/lager-obnisk/
образовательные лагеря,13,0,7.6,0.0,/obrazovatelnyy-lager/
путевка в лагерь в подмосковье,13,0,8.6,0.0,/
детский лагерь в подмосковье айдакемп мск,12,5,1.9,41.7,/
ит лагерь для подростков,12,0,9.5,0.0,/
лагерь 2026 летний для детей,12,0,4.6,0.0,/
летние лагеря для детей,12,0,5.7,0.0,/
летний лагерь для школьников 2026 айдакемп мск,12,4,2.2,33.3,/
летний лагерь подмосковье 2026,12,0,10.3,0.0,/
летний лагерь подмосковье для подростков,12,0,4.8,0.0,/
летний лагерь программирование для детей,12,4,3.4,33.3,/
подростковый лагерь в подмосковье,12,0,6.1,0.0,/
детский лагерь без гаджетов и телефонов,11,0,2.8,0.0,/lager-bez-telefonov/
детский летний лагерь atmosphere,11,0,8.5,0.0,/
лагерь в подмосковье на лето 2026 айдакемп мск,11,4,2.2,36.4,/
лагерь для детей айдакемп мск,11,8,1.3,72.7,/
лагерь для подростков 14 atmosphere,11,0,3.6,0.0,/
лагерь для подростков 2026 atmosphere,11,0,5.9,0.0,/
летний компьютерный лагерь,11,1,4.3,9.1,/
летний лагерь для школьников,11,0,5.1,0.0,/
московский детский лагерь,11,0,14.9,0.0,/
переход лагерь для подростка atmosphere camp,11,0,5.2,0.0,/
лагерь в подмосковье для детей,10,0,5.4,0.0,/
лагерь для подростков 14-17 лет,10,0,7.5,0.0,/
лагерь для подростков с бассейном atmosphere,10,1,2.6,10.0,/
лагерь для ребенка в подмосковье,10,0,5.3,0.0,/
лагерь летний для подростков,10,0,8.7,0.0,/
лагерь летний для подростков 2026 atmosphere,10,0,5.2,0.0,/
лагерь на лето 2026,10,0,8.0,0.0,/
летний лагерь в москве 2026 для подростков atmosphere,10,0,7.4,0.0,/
летний лагерь в подмосковье 2026 айдакемп,10,4,1.7,40.0,/
летний лагерь в подмосковье айдакемп москва,10,5,1.8,50.0,/
летний лагерь в подмосковье айдакемп мск,10,4,1.8,40.0,/
летний лагерь в подмосковье для подростков 2026 atmosphere,10,0,4.2,0.0,/
летний лагерь для детей 8 лет atmosphere,10,0,6.1,0.0,/
подмосковные лагеря для детей на лето,10,1,4.4,10.0,/
расписание еды в лагере,10,0,7.2,0.0,/pitanie/
что такое корпус в лагере,10,0,7.4,0.0,/stati/territoriya-detskogo-lagerya/
roblox kids,9,0,10.3,0.0,/stati/roblox-dlya-detej/
детские лагеря в подмосковье на лето 2026,9,0,17.9,0.0,/
детский лагерь в подмосковье айдакемп,9,4,1.9,44.4,/
детский лагерь с бассейном,9,0,9.7,0.0,/lager-s-basseynom/
детский частный лагерь,9,0,5.1,0.0,/
документы в лагерь ребенку 2026,9,0,7.9,0.0,/stati/dokumenty-dlya-rebenka-v-lager/
лагерь без гаджетов,9,2,3.1,22.2,/lager-bez-telefonov/
лагерь в подмосковье на лето,9,1,5.8,11.1,/
лагерь для детей айдакемп москва,9,8,1.0,88.9,/
лагерь для подростков atmosphere camp,9,0,9.6,0.0,/
лагерь для подростков айдакемп,9,4,1.8,44.4,/
лагерь подросток,9,0,6.0,0.0,/
лагеря и их цены atmosphere,9,0,6.6,0.0,/
лагеря о да,9,2,4.7,22.2,/
летний лагерь в москве для детей atmosphere camp,9,0,11.8,0.0,/
летний лагерь в подмосковье atmosphere camp,9,0,8.5,0.0,/
летний лагерь в подмосковье для детей atmosphere camp,9,0,7.2,0.0,/
летний лагерь для 8 летнего ребенка atmosphere camp,9,0,6.0,0.0,/
летний лагерь для школьников 2026 айдакемп москва,9,3,2.2,33.3,/
летняя компьютерная школа 2026,9,0,10.1,0.0,/letnyaya-it-shkola/
путевки в лагерь на лето 2026 atmosphere,9,0,5.4,0.0,/
вон че говорят что в будущем ии и чат может заменить всех программистов,8,0,9.4,0.0,/stati/ii-zamenit-programmista/
детский лагерь 2026 atmosphere camp,8,0,6.5,0.0,/
детский лагерь в подмосковье на лето,8,0,6.0,0.0,/
детский лагерь видное,8,0,10.1,0.0,/lager-vidnoe/
детский лагерь для подростков atmosphere,8,0,7.6,0.0,/
детский лагерь лето 2026 atmosphere camp,8,0,5.0,0.0,/
детский летний лагерь в москве айдакемп,8,4,1.6,50.0,/
лагерь без гаджетов для подростков atmosphere,8,0,7.1,0.0,/lager-bez-telefonov/
лагерь без гаджетов для подростков atmosphere camp,8,0,4.0,0.0,/lager-bez-telefonov/
лагерь без телефонов,8,2,2.7,25.0,/lager-bez-telefonov/
лагерь в подмосковье для подростков atmosphere camp,8,0,7.3,0.0,/
лагерь для 7 летнего ребенка atmosphere camp,8,0,6.2,0.0,/
лагерь для детей в подмосковье на лето,8,0,5.1,0.0,/
лагерь для подростка 12 лет atmosphere,8,0,5.1,0.0,/
лагерь для подростков с бассейном atmosphere camp,8,0,6.1,0.0,/
летние лагеря без гаджетов,8,0,8.0,0.0,/lager-bez-telefonov/
летние лагеря в москве 2026,8,0,8.9,0.0,/
летний лагерь для детей 12 лет atmosphere camp,8,0,6.4,0.0,/
летний лагерь для детей айдакемп мск,8,5,1.5,62.5,/
летний лагерь подмосковье atmosphere,8,0,9.1,0.0,/
лечение зависимости от телефона у подростка,8,0,3.6,0.0,/stati/zavisimost-ot-telefona-u-podrostkov/
путевки в лагерь 2026 atmosphere,8,0,7.9,0.0,/
тематический лагерь в подмосковье atmosphere camp,8,0,10.2,0.0,/
чем кормят в лагере,8,0,10.6,0.0,/stati/pitanie-v-detskom-lagere/
что нельзя делать в лагере детям,8,0,8.9,0.0,/stati/pravila-v-detskom-lagere/
вы играете в роблокс интересует мнение подростка,7,3,3.5,42.9,/stati/roblox-dlya-detej/
дети в лагере,7,0,8.1,0.0,/stati/adaptaciya-rebenka-v-lagere/
детский лагерь 7 лет atmosphere camp,7,0,5.1,0.0,/
детский лагерь в подмосковье vlagere,7,0,7.8,0.0,/
детский лагерь в подмосковье эксперт онлайн,7,0,3.6,0.0,/
детский летний лагерь в москве айдакемп москва,7,5,1.2,71.4,/
детский летний лагерь в подмосковье 2026,7,0,12.4,0.0,/
интересные лагеря для подростков atmosphere camp,7,0,7.2,0.0,/
какие документы нужны для лагеря ребенку 2026,7,0,10.6,0.0,/stati/dokumenty-dlya-rebenka-v-lager/
лагерь it для детей летний,7,1,5.5,14.3,/
лагерь в подмосковье atmosphere,7,0,10.3,0.0,/
лагерь в подмосковье детский vlagere,7,0,8.0,0.0,/lager-v-podmoskove/
лагерь в подольске,7,0,10.4,0.0,/lager-podolsk/
лагерь детский в подмосковье vlagere,7,0,7.0,0.0,/lager-na-iyun/
лагерь для детей atmosphere,7,0,7.7,0.0,/
лагерь для подростков 13 atmosphere,7,0,3.5,0.0,/
лагерь для подростков 13 atmosphere camp,7,0,4.2,0.0,/
лагерь жуковский,7,0,8.8,0.0,/lager-zhukovskiy/
лагерь летний для подростков 2026 atmosphere camp,7,0,5.5,0.0,/
лагерь майнкрафт,7,1,6.0,14.3,/minecraft-lager/
лагерь обнинск,7,0,9.5,0.0,/lager-obnisk/
лагеря для детей на лето 2026,7,1,10.9,14.3,/
летний городской лагерь для подростков atmosphere,7,0,6.9,0.0,/
летний ит лагерь,7,1,5.3,14.3,/
летний лагерь в подмосковье для подростков 2026,7,0,7.5,0.0,/
летний лагерь для детей в подмосковье,7,0,8.3,0.0,/
медицинский лагерь для подростков atmosphere camp,7,0,8.2,0.0,/
найти лагерь для детей,7,0,3.2,0.0,/
образовательный лагерь для подростков atmosphere,7,0,4.6,0.0,/
сколько стоит путевка в летний лагерь atmosphere,7,0,6.2,0.0,/
it лагерь для детей,6,1,4.0,16.7,/
биологический лагерь для подростков atmosphere,6,0,8.6,0.0,/
вокальный лагерь для детей москва на ацадемыкрб ру,6,0,5.8,0.0,/
где отдыхать и учиться,6,1,2.0,16.7,/
детские лагеря отдыха в подмосковье,6,0,8.7,0.0,/
детский лагерь 7 лет atmosphere,6,0,6.8,0.0,/
детский лагерь в подмосковье с бассейном,6,1,10.7,16.7,/lager-s-basseynom/
детский лагерь жуковский,6,0,9.9,0.0,/lager-zhukovskiy/
детский лагерь цена atmosphere,6,0,8.1,0.0,/
для детей лагерь,6,2,1.2,33.3,/
зависимость от телефона у подростков,6,0,8.9,0.0,/stati/zavisimost-ot-telefona-u-podrostkov/
истра лагерь,6,0,10.4,0.0,/lager-istra/
ит лагерь для подростков atmosphere,6,0,3.9,0.0,/
лагерь детский на лето 2026,6,0,6.9,0.0,/
лагерь для детей 7 лет atmosphere camp,6,0,6.2,0.0,/
лагерь для детей 7 лет в подмосковье,6,0,8.5,0.0,/
лагерь для детей 7 лет в подмосковье atmosphere,6,0,5.1,0.0,/
лагерь для детей в подмосковье на лето 2026,6,0,10.9,0.0,/
лагерь для детей в подмосковье эксперт онлайн,6,0,2.8,0.0,/
лагерь для подростков 12 atmosphere camp,6,0,4.8,0.0,/
лагерь для подростков 16 лет atmosphere,6,0,6.6,0.0,/
лагерь для подростков в подмосковье на лето 2026,6,0,12.8,0.0,/
лагерь для подростков цена atmosphere camp,6,0,5.4,0.0,/
лагерь летний для подростков в россии atmosphere,6,0,8.2,0.0,/lager-dlya-podrostkov/
лагерь летний для подростков в россии atmosphere camp,6,0,9.3,0.0,/
лагерь отдыха для подростков atmosphere,6,0,5.1,0.0,/
лагерь отдыха для подростков atmosphere camp,6,0,6.5,0.0,/
лагерь по программированию,6,2,4.2,33.3,/
лагерь программирование,6,0,4.4,0.0,/
лагерь с бассейном в подмосковье,6,0,7.2,0.0,/lager-s-basseynom/
лагерь труда и отдыха для подростков atmosphere camp,6,0,9.0,0.0,/
лагеря для подростков 16 atmosphere,6,0,5.2,0.0,/lager-dlya-podrostkov/
летний it лагерь для детей эксперт онлайн,6,0,3.7,0.0,/
летний городской лагерь для детей atmosphere camp,6,0,9.2,0.0,/
летний городской лагерь для подростков atmosphere camp,6,0,7.0,0.0,/
летний детский лагерь для ребенка atmosphere,6,0,8.9,0.0,/
летний лагерь для детей 11 лет atmosphere,6,0,8.8,0.0,/
летний лагерь для детей 7 лет atmosphere camp,6,0,6.4,0.0,/
летний лагерь отдыха для детей atmosphere,6,0,5.8,0.0,/
летний лагерь с бассейном в подмосковье для детей 2026,6,0,10.1,0.0,/
найти лагерь для детей эксперт онлайн,6,0,3.4,0.0,/
налоговый вычет за лагерь ребенка в 2026,6,0,10.1,0.0,/nalogovyj-vychet/
норма часов в телефоне в день для подростка,6,0,9.4,0.0,/stati/ekrannoe-vremya-detej-norma/
подростковый лагерь,6,1,14.0,16.7,/
признаки зависимости от компьютерных игр у ребенка,6,0,9.6,0.0,/stati/zavisimost-ot-kompyuternyh-igr/
режим дня в детском лагере,6,0,20.5,0.0,/stati/pravila-v-detskom-lagere/
it лагерь дети,5,0,1.5,0.0,/
в лагерь ребенка,5,0,1.9,0.0,/
детские it лагеря эксперт онлайн,5,0,2.0,0.0,/
детские лагеря на лето,5,0,8.2,0.0,/
детский лагерь обнинск,5,0,11.9,0.0,/lager-obnisk/
детский лагерь цены atmosphere camp,5,0,10.2,0.0,/
зависимость игр детей v-gotlib.ru,5,0,5.8,0.0,/stati/zavisimost-ot-kompyuternyh-igr/
игровая зависимость от компьютерных игр лечение v-gotlib.ru,5,0,9.4,0.0,/stati/zavisimost-ot-kompyuternyh-igr/
как отучить ребенка от игровой зависимости,5,0,33.4,0.0,/stati/kak-izbavitsya-ot-zavisimosti-ot-igr/
купить в лагерь путевку atmosphere,5,0,7.6,0.0,/
лагерь айти,5,0,5.8,0.0,/
лагерь в подмосковье на лето atmosphere,5,0,8.3,0.0,/
лагерь в подмосковье на лето atmosphere camp,5,0,8.7,0.0,/
лагерь в подмосковье эксперт онлайн,5,0,4.8,0.0,/
лагерь в щелково цена,5,0,6.8,0.0,/lager-shchelkovo/
лагерь для подростка отзывы atmosphere camp,5,0,6.7,0.0,/
лагерь для подростков 12 atmosphere,5,0,6.0,0.0,/
лагерь для подростков 13 лет atmosphere,5,0,3.4,0.0,/
лагерь для подростков 15 лет atmosphere camp,5,0,4.3,0.0,/
лагерь для подростков 16 лет atmosphere camp,5,0,7.7,0.0,/
лагерь для подростков 17 лет atmosphere,5,0,5.0,0.0,/
лагерь для подростков на лето atmosphere camp,5,0,8.5,0.0,/
лагерь для ребенка atmosphere,5,0,11.3,0.0,/
лагерь летний москва atmosphere camp,5,0,11.1,0.0,/
лагерь на 2 недели летом,5,1,4.5,20.0,/stati/lager-na-2-nedeli/
лагерь на море для подростков 2026 atmosphere,5,0,9.7,0.0,/
лагерь отдых подмосковье,5,0,2.0,0.0,/
лагерь ступино,5,0,8.2,0.0,/lager-stupino/
лагеря где не забирают телефон,5,0,3.5,0.0,/lager-bez-telefonov/
лагеря для детей 2026 год,5,0,1.0,0.0,/
лагеря для подростков 16 atmosphere camp,5,0,5.8,0.0,/
лагеря для подростков на лето 2026 atmosphere,5,0,4.4,0.0,/
летние лагеря для детей 11 atmosphere camp,5,0,10.7,0.0,/
летние лагеря для детей 2026,5,0,3.1,0.0,/
летние лагеря для детей 2026 atmosphere,5,0,5.9,0.0,/
летние лагеря для подростков,5,0,6.3,0.0,/
летний it лагерь для детей best camp,5,0,6.4,0.0,/
летний городской лагерь для детей atmosphere,5,0,5.9,0.0,/
летний лагерь в москве 2026 для подростков atmosphere camp,5,0,7.8,0.0,/
летний лагерь в подмосковье эксперт онлайн,5,0,2.8,0.0,/
летний лагерь для детей 9 лет atmosphere camp,5,0,7.6,0.0,/
летний лагерь для детей айдакемп,5,3,1.2,60.0,/
летний лагерь для детей программа atmosphere,5,0,8.1,0.0,/
летний лагерь для детей смены atmosphere,5,0,6.6,0.0,/
летний лагерь программирования,5,0,8.9,0.0,/
лкл,5,0,11.0,0.0,/
образовательный лагерь для подростков atmosphere camp,5,0,6.1,0.0,/
подъём в завтрак база,5,0,10.5,0.0,/
почему подростки постоянно сидят в телефоне,5,0,4.8,0.0,/stati/zavisimost-ot-telefona-u-podrostkov/
правила отряда,5,0,7.9,0.0,/stati/pravila-v-detskom-lagere/
путевки в детский лагерь 2026 atmosphere,5,0,8.1,0.0,/
ребенок лагерь,5,0,6.0,0.0,/
ролевой лагерь для подростков atmosphere camp,5,0,10.0,0.0,/
скретч платформер герой прыгает по платформам собирает монеты и избегает врагов,5,0,8.0,0.0,/stati/scratch-dlya-detej/
скретч родители,5,0,7.8,0.0,/stati/scratch-dlya-detej/
справка в лагерь 079/у 2026,5,1,9.0,20.0,/stati/spravki-dlya-lagera/
тематические лагеря для подростков atmosphere,5,0,8.8,0.0,/
it лагерь для 14 лет,4,1,2.5,25.0,/lager-14-let/
айдакемп — лагерь отзывы,4,0,4.5,0.0,/
айти лагерь москва,4,0,2.8,0.0,/
во сколько подъем в лагере,4,0,6.2,0.0,/stati/pravila-v-detskom-lagere/
городской лагерь для подростков atmosphere,4,0,4.2,0.0,/
городской лагерь для подростков atmosphere camp,4,0,5.5,0.0,/
дети игроманы,4,0,41.5,0.0,/stati/igromaniya-u-detej/
детские it лагеря best camp,4,0,3.5,0.0,/
детские it лагеря бест камп,4,0,6.8,0.0,/
детские лагеря на лето в подмосковье,4,0,5.5,0.0,/
детский и лагерь,4,0,3.3,0.0,/
детский лагерь 2026 atmosphere,4,0,5.2,0.0,/
детский лагерь без гаджетов загородный,4,0,6.0,0.0,/lager-bez-telefonov/
детский лагерь в зеленограде,4,0,7.7,0.0,/lager-zelenograd/
детский лагерь в подмосковье айдакемп москва,4,3,1.2,75.0,/
детский лагерь для девочек,4,1,9.7,25.0,/lager-dlya-devochek/
детский лагерь наро-фоминск,4,1,6.7,25.0,/stati/lager-naro-fominsk/
детский лагерь рядом с зеленоградом,4,0,5.7,0.0,/lager-zelenograd/
детский лагерь с бассейном в подмосковье,4,0,7.3,0.0,/lager-s-basseynom/
детский летний лагерь айдакемп,4,3,1.1,75.0,/
детский летний лагерь в москве atmosphere,4,0,7.2,0.0,/
детский летний лагерь подмосковье,4,0,3.1,0.0,/
дисциплинированный лагерь без гаджетов,4,0,2.3,0.0,/lager-bez-telefonov/
документы для лагеря ребенку 2026,4,0,11.5,0.0,/stati/dokumenty-dlya-rebenka-v-lager/
ит лагерь для детей,4,1,3.0,25.0,/
как называется перекус перед сном в лагере,4,1,7.7,25.0,/stati/pitanie-v-detskom-lagere/
как оплатить путевку в лагерь,4,0,9.5,0.0,/stati/oplata-detskogo-lagerya/
каникулы с программированием ребенку,4,0,3.5,0.0,/
купить путевку в лагерь 2026 atmosphere camp,4,0,9.0,0.0,/
лагерь айти для 15 лет в подмосковье,4,1,3.5,25.0,/lager-dlya-podrostkov/
лагерь айти с проживанием москва,4,0,3.0,0.0,/lager-na-leto-2026/
лагерь балашиха,4,0,10.7,0.0,/lager-balashiha/
лагерь в жуковском,4,0,10.0,0.0,/lager-zhukovskiy/
лагерь в лесу для подростков atmosphere camp,4,0,9.8,0.0,/
лагерь в подмосковье без телефона,4,1,1.0,25.0,/lager-bez-telefonov/
лагерь в подмосковье где не забирают телефоны,4,0,2.0,0.0,/lager-bez-telefonov/
лагерь в подмосковье для детей atmosphere camp,4,0,8.2,0.0,/
лагерь в подмосковье на лето полный день,4,0,14.0,0.0,/
лагерь детский летний,4,0,2.8,0.0,/
лагерь для 3 летнего ребенка atmosphere,4,0,9.5,0.0,/
лагерь для 5 летних детей atmosphere,4,0,11.8,0.0,/
лагерь для 7 летнего ребенка atmosphere,4,0,3.2,0.0,/
лагерь для детей 2026,4,0,16.2,0.0,/
лагерь для детей 7 лет в подмосковье atmosphere camp,4,0,6.3,0.0,/
лагерь для детей подростков atmosphere,4,0,6.0,0.0,/
лагерь для детей подростков atmosphere camp,4,0,7.0,0.0,/
лагерь для подростка 12 лет atmosphere camp,4,0,7.5,0.0,/
лагерь для подростка отзывы atmosphere,4,0,5.8,0.0,/
лагерь для подростков 13 лет atmosphere camp,4,0,4.8,0.0,/
лагерь для подростков 15 лет atmosphere,4,0,12.0,0.0,/
лагерь летний для детей 2026,4,0,7.0,0.0,/
лагерь на море для детей 2026 atmosphere,4,0,8.5,0.0,/
лагерь подмосковья,4,1,7.2,25.0,/
лагерь с программированием,4,0,3.8,0.0,/
лагерь с программированием дети,4,0,4.5,0.0,/
лагеря 2026,4,0,28.0,0.0,/
лагеря в подмосковье на лето для подростков atmosphere,4,0,4.8,0.0,/
лагеря летние,4,0,6.0,0.0,/
летние курсы программирования детям,4,0,1.7,0.0,/
летние курсы программирования для детей,4,0,5.3,0.0,/
летние лагеря в,4,2,4.8,50.0,/
летние лагеря для детей 11 atmosphere,4,0,6.0,0.0,/
летние школы для подростков,4,0,3.5,0.0,/
летний it лагерь для детей бест камп,4,0,6.5,0.0,/
летний лагерь it для детей,4,1,3.8,25.0,/
летний лагерь айти,4,1,4.5,25.0,/
летний лагерь в москве эксперт онлайн,4,0,3.2,0.0,/
летний лагерь в подмосковье atmosphere,4,0,8.5,0.0,/
летний лагерь в подмосковье vlagere,4,0,8.8,0.0,/lager-na-iyun/
летний лагерь в подмосковье для детей,4,0,11.2,0.0,/
летний лагерь видное,4,0,10.0,0.0,/lager-vidnoe/
летний лагерь для детей 10 лет atmosphere camp,4,0,7.8,0.0,/
летний лагерь для детей 8 лет atmosphere camp,4,0,8.0,0.0,/
летний лагерь для детей в подмосковье 2026 atmosphere camp,4,0,7.2,0.0,/
летний лагерь для детей графический дизайн,4,0,5.2,0.0,/stati/tpost/9dm6t69pj1-letnii-lager-graficheskii-dizain-dlya-po/
летний лагерь для подростков в подмосковье atmosphere,4,0,6.0,0.0,/
летний лагерь по программированию,4,0,7.7,0.0,/
летний лагерь подростков,4,0,5.3,0.0,/
летний лагерь программирование бест камп,4,0,4.3,0.0,/
можно ли за лагерь вернуть 13 процентов,4,0,9.7,0.0,/nalogovyj-vychet/
мой первый раз в лагере,4,0,8.8,0.0,/stati/pervyj-raz-v-lagere/
норма экранного времени для 14 лет,4,0,11.2,0.0,/stati/ekrannoe-vremya-detej-norma/
объясни ребенку 10 лет что такое нейросеть,4,0,6.3,0.0,/stati/nejroseti-dlya-detej/
питание в лагере,4,0,11.3,0.0,/stati/pitanie-v-detskom-lagere/
питание в лагере программирование дети,4,0,2.1,0.0,/
подмосковные лагеря для подростков atmosphere camp,4,0,7.0,0.0,/
подмосковье лагерь atmosphere,4,0,9.8,0.0,/
путевка в лагерь цена atmosphere camp,4,0,8.3,0.0,/
путевки в летний лагерь для детей atmosphere camp,4,0,4.8,0.0,/
ребенку в лагерь,4,2,1.2,50.0,/
сколько времени можно проводить в телефоне ребенку 12 лет,4,0,9.5,0.0,/stati/ekrannoe-vremya-detej-norma/
сколько времени ребенок 10 лет может сидеть в телефоне,4,0,9.0,0.0,/stati/ekrannoe-vremya-detej-norma/
скретч и родители,4,0,8.8,0.0,/stati/scratch-dlya-detej/
тематические лагеря для подростков atmosphere camp,4,0,9.3,0.0,/
чем отличается образовательная смена от лагеря,4,0,3.5,0.0,/stati/poleznyj-otdyh-dlya-detej/
что обычно делают в лагере,4,0,5.0,0.0,/stati/zhizn-v-lagere-dlya-detej/
3 смена лагерь,3,0,10.7,0.0,/
5 разовое питание в оагере,3,0,3.0,0.0,/stati/pitanie-v-detskom-lagere/
aida camp,3,0,5.0,0.0,/
aikadom.ru,3,0,10.0,0.0,/
calculashop,3,0,9.5,0.0,/
idschool.idte.ru,3,0,9.0,0.0,/
it каникулы дети,3,0,4.7,0.0,/
it лагерь айдакемп москва,3,1,5.0,33.3,/
it лагерь айдакемп мск,3,1,2.6,33.3,/
it лагерь для детей с программированием,3,0,2.7,0.0,/
ай да лагерь,3,1,5.6,33.3,/
